"","Casualty.Class","Casualty.Severity","Type.of.Vehicle","Weather.Conditions","Age.of.Casualty","missing"
"1",2,2,9,2,16,1
"2",3,2,9,1,67,1
"3",1,3,9,1,56,1
"4",1,1,4,1,20,1
"5",1,3,9,1,46,1
"6",3,3,9,1,31,0
"7",3,3,9,1,25,1
"8",1,3,9,1,50,1
"9",3,3,9,1,64,1
"10",1,3,9,1,22,1
"11",2,3,9,2,21,1
"12",1,3,9,1,29,1
"13",1,3,9,1,24,1
"14",1,3,19,1,29,1
"15",3,3,9,1,5,1
"16",3,3,19,1,14,1
"17",1,3,9,1,33,1
"18",1,3,9,2,28,1
"19",1,3,9,1,37,0
"20",3,3,9,5,27,1
"21",1,3,9,7,60,1
"22",3,3,8,1,50,1
"23",1,3,9,2,40,1
"25",1,3,9,1,48,1
"26",1,3,9,1,76,1
"27",1,3,9,1,22,1
"28",3,3,9,1,14,1
"29",1,2,9,1,26,1
"30",1,3,19,1,65,1
"31",3,3,9,1,31,0
"32",1,3,9,1,51,1
"33",1,3,9,1,67,1
"34",1,3,9,1,28,1
"35",1,3,9,1,34,1
"36",3,3,9,1,14,1
"37",3,3,9,1,13,1
"38",3,2,9,1,76,1
"39",3,3,3,1,45,1
"40",1,3,9,1,30,1
"41",1,3,9,3,35,1
"42",1,3,9,6,57,1
"43",1,3,9,3,26,1
"44",1,3,9,1,24,1
"45",1,2,9,1,68,1
"46",1,3,9,1,53,1
"47",3,3,9,1,11,1
"48",1,3,9,1,25,1
"49",3,2,8,1,39,1
"50",1,3,9,2,19,1
"51",1,3,9,2,74,1
"52",2,3,9,1,21,1
"53",1,2,3,2,30,1
"54",3,3,9,4,59,1
"55",2,3,9,1,17,1
"56",1,2,9,1,35,1
"57",1,3,9,1,46,1
"58",1,3,9,1,18,1
"59",2,3,9,1,48,1
"60",2,3,9,1,8,1
"61",1,3,9,1,53,1
"62",3,3,9,2,50,1
"63",3,3,21,1,45,1
"64",1,3,9,4,43,1
"65",1,3,9,1,22,1
"66",1,3,9,5,21,1
"67",1,3,9,1,57,1
"68",3,3,9,1,83,1
"69",2,3,9,1,19,1
"70",3,3,9,2,13,1
"71",1,3,9,1,46,1
"72",2,3,9,1,3,1
"73",1,2,2,1,38,0
"74",1,3,9,1,25,1
"75",1,3,19,1,29,1
"76",3,3,9,1,2,1
"77",1,2,9,1,48,1
"78",3,3,9,1,9,1
"79",1,3,9,1,34,1
"80",1,3,10,1,52,1
"81",2,3,9,1,9,1
"82",1,3,9,1,68,1
"83",1,2,9,1,26,1
"84",1,3,5,1,35,1
"85",1,3,9,1,18,1
"86",2,3,9,1,63,1
"87",1,3,9,1,45,1
"88",3,3,11,1,23,1
"89",1,3,19,1,29,1
"90",3,3,9,1,47,1
"91",1,3,9,1,42,1
"92",3,3,9,1,46,1
"93",1,2,9,1,58,1
"94",1,3,9,1,5,1
"95",1,3,9,1,29,1
"96",1,3,19,1,29,1
"97",2,3,8,2,17,1
"98",1,3,1,1,25,1
"99",1,3,9,1,33,1
"100",1,3,9,1,23,1
"101",1,3,9,1,59,1
"102",1,3,9,1,39,1
"103",1,3,9,1,20,1
"104",3,2,9,1,33,0
"105",1,3,1,1,14,1
"106",1,3,3,1,18,1
"107",1,2,1,1,21,1
"108",1,3,8,1,25,1
"109",3,3,9,1,33,1
"110",1,2,9,1,17,1
"111",1,3,9,1,78,1
"112",3,2,9,1,2,1
"113",1,3,9,1,44,1
"114",3,3,9,1,29,1
"115",1,3,9,1,22,1
"116",1,2,9,1,40,1
"117",1,3,9,1,23,1
"118",3,3,9,1,75,1
"119",2,3,9,1,36,1
"120",1,3,9,1,58,1
"121",1,3,9,1,39,1
"122",3,2,9,1,36,1
"123",1,3,9,1,28,1
"124",3,2,9,1,6,1
"125",2,3,8,1,44,1
"126",1,3,21,2,18,1
"127",1,3,9,5,23,1
"128",1,3,9,5,18,1
"129",1,3,9,1,75,1
"130",3,3,9,1,65,1
"131",1,3,9,1,63,1
"132",2,3,9,1,71,1
"133",1,3,9,1,84,1
"134",1,3,9,1,38,1
"135",1,3,9,1,71,1
"136",2,3,9,1,30,1
"137",1,3,4,1,37,0
"138",1,3,9,1,38,1
"139",1,3,19,1,20,1
"140",1,3,9,1,19,1
"141",3,1,9,1,57,1
"142",1,3,9,1,26,1
"143",2,3,9,1,38,1
"144",3,2,9,1,64,1
"145",1,3,9,1,58,1
"147",3,3,9,1,13,1
"148",3,3,9,1,14,1
"149",1,3,9,1,30,1
"150",1,3,9,2,25,1
"151",1,3,9,1,7,1
"152",1,3,9,2,6,1
"153",1,3,1,1,49,1
"154",1,2,9,1,23,1
"155",1,2,9,1,48,1
"156",1,3,1,1,39,1
"157",3,3,9,1,10,1
"158",1,3,9,1,30,1
"159",1,3,19,1,43,1
"160",3,3,8,1,41,1
"161",1,3,9,1,20,1
"162",2,3,9,1,44,1
"163",1,3,9,1,54,1
"164",1,3,9,8,40,1
"165",3,3,9,1,3,1
"166",1,3,3,1,18,1
"167",1,3,1,1,14,1
"168",3,3,19,1,5,1
"169",2,3,9,1,18,1
"170",3,3,9,1,4,1
"171",1,3,9,1,35,1
"172",3,3,9,1,14,1
"173",1,3,9,1,21,1
"174",1,3,9,1,31,1
"175",1,3,9,1,9,1
"176",1,3,9,1,35,1
"177",1,2,9,1,63,1
"178",1,3,9,1,38,1
"179",1,3,9,1,29,1
"180",1,3,9,1,26,1
"181",1,3,9,1,37,0
"182",1,3,8,1,49,1
"183",1,3,9,2,51,1
"184",1,3,19,1,7,1
"185",1,3,19,1,47,1
"186",1,2,5,1,44,1
"187",2,3,9,1,72,1
"188",1,3,9,2,31,1
"189",3,3,9,1,49,1
"190",1,3,9,2,37,1
"191",1,3,9,1,51,1
"192",1,3,1,1,37,1
"193",3,3,8,1,80,1
"194",1,3,8,1,50,1
"195",1,2,11,1,49,1
"196",1,3,9,1,47,1
"197",1,2,9,1,62,1
"198",1,3,8,1,34,1
"199",1,3,3,1,17,1
"200",1,3,9,1,34,1
"201",1,3,9,4,49,1
"202",3,3,9,1,8,1
"203",1,2,9,1,60,1
"204",3,3,9,1,39,1
"205",1,3,9,1,55,1
"206",3,2,9,1,24,1
"207",3,2,9,1,27,1
"208",1,3,9,1,46,1
"209",1,3,9,1,46,1
"210",1,2,5,1,52,1
"211",1,3,3,1,20,1
"212",1,3,9,1,52,1
"213",1,3,5,1,62,1
"214",2,3,9,1,10,1
"215",1,3,4,1,20,1
"216",1,3,9,1,24,1
"217",1,3,11,1,44,1
"218",1,3,9,1,46,1
"219",1,2,3,1,56,1
"220",1,3,9,2,41,1
"221",1,3,9,1,45,1
"222",1,3,9,1,61,1
"223",1,3,9,2,23,1
"224",1,3,9,2,30,1
"225",1,3,9,1,53,1
"226",3,3,9,1,9,1
"227",1,3,9,2,54,1
"228",3,3,9,1,58,1
"229",1,3,9,2,61,1
"230",1,3,1,2,22,1
"231",1,3,9,2,31,1
"232",2,3,9,2,64,1
"233",1,2,9,1,31,1
"234",1,3,9,1,21,1
"235",2,3,9,1,82,1
"236",1,3,1,1,9,1
"237",1,3,4,1,36,1
"238",1,2,9,1,24,1
"239",1,2,9,1,16,1
"240",1,3,9,1,12,1
"241",1,3,3,2,25,1
"242",3,3,9,1,13,1
"243",1,2,9,2,23,1
"244",2,3,9,1,86,1
"245",1,3,9,1,36,1
"246",3,3,11,1,63,1
"247",1,3,1,1,60,1
"248",1,2,3,1,17,1
"249",3,2,9,1,8,1
"250",3,3,9,1,31,0
"251",1,2,9,1,22,1
"252",3,3,9,5,16,1
"253",1,3,5,1,47,1
"254",1,3,9,1,17,1
"255",1,3,9,1,49,1
"256",1,3,9,1,38,1
"257",1,3,9,1,90,1
"258",1,3,9,1,31,1
"259",1,1,5,1,42,1
"260",1,3,21,1,32,1
"261",1,2,1,1,41,1
"262",1,3,9,1,25,1
"263",1,3,9,1,64,1
"264",3,3,19,1,56,1
"265",1,3,9,1,32,1
"266",1,3,9,1,27,1
"267",1,3,9,1,62,1
"268",1,3,9,1,43,1
"269",3,3,9,1,87,1
"270",3,3,9,1,31,0
"271",1,3,9,1,33,1
"272",2,3,9,1,29,1
"273",2,3,8,1,27,1
"274",2,3,9,1,56,1
"275",1,3,9,1,24,1
"276",3,2,19,1,15,1
"277",2,3,9,1,30,1
"278",1,3,9,1,41,1
"279",1,3,9,1,33,1
"280",3,3,9,1,25,1
"281",1,3,9,1,34,1
"282",1,3,9,1,28,1
"283",3,3,9,1,42,1
"284",2,3,19,1,5,1
"285",1,3,9,1,23,1
"286",3,3,9,1,30,1
"287",1,2,9,1,19,1
"288",1,3,21,1,64,1
"289",3,3,9,1,27,1
"290",3,3,19,1,17,1
"291",1,3,9,1,40,1
"292",1,3,9,1,25,1
"293",2,3,9,1,25,1
"294",1,3,1,1,27,1
"295",1,2,9,1,26,1
"296",1,3,9,1,56,1
"297",1,3,9,1,61,1
"298",1,3,9,1,62,1
"299",2,2,19,1,47,1
"300",1,3,9,1,37,0
"301",1,3,9,2,51,1
"302",1,3,9,1,37,1
"303",1,3,9,1,66,1
"304",3,3,9,1,14,1
"305",1,3,3,1,27,1
"306",1,3,9,1,35,1
"307",3,3,9,1,6,1
"308",3,3,97,1,75,1
"309",3,3,9,1,10,1
"310",1,3,9,1,73,1
"311",1,3,9,1,44,1
"312",2,2,9,1,12,1
"313",1,3,9,1,60,1
"314",1,3,19,1,18,1
"315",1,2,9,1,88,1
"316",1,3,9,1,35,1
"317",1,3,9,1,67,1
"318",2,3,9,1,50,1
"319",3,3,8,1,15,1
"320",1,3,9,1,83,1
"321",1,3,9,8,46,1
"322",1,3,8,1,36,1
"323",3,3,9,1,14,1
"324",1,3,9,1,58,1
"325",2,2,9,1,23,1
"326",1,3,9,1,67,1
"327",3,3,9,1,15,1
"328",3,1,11,2,49,1
"329",1,3,1,1,38,1
"330",1,2,9,1,72,1
"331",2,3,9,1,74,1
"332",1,3,9,1,88,1
"333",1,2,9,1,31,1
"334",3,3,9,1,9,1
"335",1,2,9,1,24,1
"336",1,3,9,1,28,1
"337",3,3,8,1,27,1
"338",1,3,9,1,87,1
"339",1,3,9,1,23,1
"340",3,3,9,2,65,1
"341",1,3,1,2,24,1
"342",1,3,3,1,26,1
"343",1,3,9,1,82,1
"344",1,3,21,1,32,1
"345",1,3,9,2,25,1
"346",3,3,9,1,34,1
"347",3,3,19,1,36,1
"348",1,2,2,1,27,1
"349",1,3,9,1,63,1
"350",1,1,1,1,55,1
"351",3,2,21,1,87,1
"352",1,3,9,1,29,1
"353",3,3,9,1,60,1
"354",2,3,8,3,29,1
"355",1,3,9,3,18,1
"356",1,2,90,1,33,1
"357",1,3,9,9,23,1
"358",3,3,9,1,33,1
"359",2,3,8,1,16,1
"360",2,3,8,1,11,1
"361",2,3,8,1,12,1
"362",1,3,9,1,47,1
"363",2,3,9,1,30,1
"364",3,3,9,1,25,1
"365",3,3,9,5,49,1
"366",1,3,3,5,27,1
"367",1,3,9,9,20,1
"368",3,3,9,9,66,1
"369",2,3,9,6,31,1
"370",3,3,9,1,16,1
"371",1,3,9,1,55,1
"372",3,3,9,9,5,1
"373",1,3,9,5,55,1
"374",1,3,9,9,55,1
"375",1,3,1,2,55,1
"376",1,3,3,1,19,1
"377",1,2,9,1,54,1
"378",3,3,9,9,50,1
"379",1,3,9,1,21,1
"380",2,3,9,1,26,1
"381",3,3,9,1,13,1
"382",1,3,19,1,74,1
"383",1,3,9,2,18,1
"384",2,3,9,1,26,1
"385",1,3,9,1,37,1
"386",2,3,9,1,36,1
"387",1,3,9,1,34,1
"388",1,3,1,2,24,1
"389",1,3,9,2,33,1
"390",1,2,9,1,46,1
"391",1,3,9,2,32,1
"392",1,3,8,1,36,1
"393",1,2,9,1,19,1
"394",1,3,9,5,30,1
"395",1,3,9,1,41,1
"396",2,3,9,1,60,1
"397",2,3,9,1,7,1
"398",2,3,9,1,9,1
"399",1,3,9,1,44,1
"400",1,2,5,1,41,1
"401",3,3,9,1,29,1
"402",1,3,1,1,45,1
"403",1,3,9,1,35,1
"404",3,3,9,1,29,1
"405",3,3,9,1,3,1
"406",1,3,9,1,41,1
"407",1,3,9,1,37,0
"408",1,3,9,1,19,1
"409",2,3,9,1,70,1
"410",2,3,9,1,18,1
"411",1,3,9,1,55,1
"412",1,3,9,1,19,1
"413",2,2,9,1,23,1
"414",1,3,5,1,51,1
"415",2,2,9,2,4,1
"416",1,3,9,2,23,1
"417",1,3,9,2,53,1
"418",2,3,9,2,11,1
"419",2,3,9,2,52,1
"420",2,3,9,2,12,1
"421",1,3,9,2,35,1
"422",2,3,9,2,6,1
"423",1,3,9,6,47,1
"424",1,3,9,3,48,1
"425",1,3,9,9,23,1
"426",1,3,9,1,51,1
"427",1,3,19,1,39,1
"428",1,3,9,1,35,1
"429",1,3,9,9,19,1
"430",2,3,9,9,21,1
"431",1,3,9,3,57,1
"432",1,3,1,3,36,1
"433",1,3,9,3,40,1
"434",3,3,9,1,12,1
"435",1,3,9,1,25,1
"436",3,3,9,1,67,1
"437",1,3,9,1,64,1
"438",1,3,20,1,57,1
"439",3,3,20,1,55,1
"440",1,3,9,1,33,1
"441",3,3,9,2,11,1
"442",1,3,9,9,48,1
"443",1,3,9,1,35,1
"444",3,3,9,1,7,1
"445",2,3,9,1,25,1
"446",1,3,9,1,22,1
"447",2,3,9,1,21,1
"448",1,3,19,1,34,1
"449",2,3,19,9,24,1
"450",1,3,9,1,21,1
"451",3,3,9,1,26,1
"452",1,2,9,1,88,1
"453",1,3,9,1,24,1
"454",2,3,9,1,23,1
"455",1,3,9,1,72,1
"456",1,3,9,1,21,1
"457",2,3,9,1,21,1
"459",1,3,1,1,41,1
"460",1,2,5,1,36,1
"461",3,3,9,1,7,1
"462",1,3,9,1,79,1
"463",1,3,9,8,27,1
"464",2,3,9,8,36,1
"465",1,3,9,1,59,1
"466",2,3,9,1,10,1
"467",3,2,9,8,14,1
"468",1,3,4,2,49,1
"469",1,3,1,1,50,1
"470",1,3,9,5,33,1
"471",2,3,9,5,26,1
"472",1,3,9,1,39,1
"473",1,3,9,3,36,1
"474",1,3,9,1,35,1
"475",1,3,9,1,35,1
"476",2,3,9,1,35,1
"477",3,3,9,1,36,1
"478",3,2,9,1,22,1
"479",1,3,9,1,47,1
"480",2,3,9,1,46,1
"481",2,3,9,1,16,1
"482",1,3,9,1,32,1
"483",2,3,9,1,62,1
"484",2,3,9,1,62,1
"485",1,3,9,1,70,1
"486",2,3,9,1,70,1
"487",3,3,8,2,77,1
"488",1,3,21,1,49,1
"489",3,3,9,1,14,1
"490",1,3,9,1,32,1
"491",3,3,21,1,54,1
"492",3,3,9,1,4,1
"493",3,2,9,2,37,1
"494",1,3,9,2,44,1
"495",1,3,9,2,23,1
"496",2,2,9,1,19,1
"497",2,2,9,1,15,1
"498",2,2,9,1,25,1
"499",1,3,9,1,46,1
"500",1,1,5,1,46,1
"501",1,3,1,1,43,1
"502",3,3,9,1,4,1
"503",1,3,9,1,25,1
"504",1,2,5,1,53,1
"505",1,3,1,1,50,1
"506",3,3,9,1,55,1
"507",1,2,3,1,21,1
"508",1,3,9,1,26,1
"509",1,3,9,1,38,1
"510",1,2,5,1,74,1
"511",1,3,9,1,37,1
"512",1,3,8,1,45,1
"513",1,3,9,1,51,1
"514",1,3,9,1,24,1
"515",1,3,9,1,34,1
"516",2,3,9,1,20,1
"517",1,3,9,1,57,1
"518",1,3,9,1,62,1
"519",1,3,9,1,41,1
"520",1,3,9,1,23,1
"521",1,3,8,1,40,1
"522",2,3,9,1,51,1
"523",1,3,1,1,37,1
"524",1,3,9,1,27,1
"525",1,3,20,1,31,1
"526",1,3,1,1,59,1
"527",3,3,9,1,14,1
"528",3,3,9,1,60,1
"529",1,3,9,1,30,1
"530",3,3,9,1,51,1
"531",1,3,9,1,54,1
"532",3,3,9,1,43,1
"533",1,3,9,1,26,1
"534",1,3,9,1,29,1
"535",3,2,9,1,11,1
"536",1,3,9,1,31,1
"537",1,3,9,1,22,1
"538",3,3,5,1,25,1
"539",1,3,5,1,24,1
"540",2,3,5,1,22,1
"541",1,3,9,1,24,1
"542",1,3,9,1,27,1
"543",3,3,9,1,40,1
"544",2,3,9,1,19,1
"545",1,3,1,1,30,1
"546",3,3,9,1,6,1
"547",1,3,1,2,40,1
"548",1,3,5,1,50,1
"549",1,3,9,1,79,1
"550",1,3,9,1,73,1
"551",1,3,9,1,64,1
"552",1,3,9,1,55,1
"553",3,2,9,1,20,1
"554",1,3,2,1,19,1
"555",1,3,9,1,24,1
"556",1,3,9,1,24,1
"557",1,3,9,1,42,1
"558",2,3,9,1,9,1
"559",1,3,9,1,32,1
"560",2,3,9,1,11,1
"561",3,3,19,1,32,1
"562",1,3,9,1,48,1
"563",1,3,9,1,20,1
"564",1,3,5,1,57,1
"565",1,3,1,1,13,1
"566",1,3,9,1,83,1
"567",2,3,9,1,79,1
"568",1,3,9,1,34,1
"569",1,3,19,1,31,1
"570",1,3,9,1,42,1
"571",3,3,9,1,35,1
"572",1,3,9,1,19,1
"573",2,3,9,1,62,1
"574",2,3,9,1,1,1
"575",1,3,9,1,52,1
"576",3,3,9,1,45,1
"577",1,3,9,1,26,1
"578",3,3,9,1,23,1
"579",3,3,9,1,24,1
"580",3,3,9,1,25,1
"581",1,2,9,2,20,1
"582",2,2,9,2,36,0
"583",2,3,9,2,21,1
"584",2,3,9,2,25,1
"585",2,3,9,2,19,1
"586",1,2,9,2,40,1
"587",1,3,9,1,18,1
"588",2,3,9,1,16,1
"589",2,2,9,1,74,1
"590",1,3,1,1,44,1
"591",2,3,9,1,65,1
"592",1,3,9,1,68,1
"593",1,3,9,1,46,1
"594",1,3,1,1,65,1
"595",3,3,8,2,75,1
"596",1,2,2,2,20,1
"597",3,3,9,2,8,1
"598",1,3,9,1,45,1
"599",2,3,9,1,45,1
"600",1,3,1,1,26,1
"601",1,3,1,1,46,1
"602",1,3,5,1,60,1
"603",3,2,9,1,15,1
"604",1,3,9,1,20,1
"605",2,3,9,1,21,1
"606",1,3,19,1,28,1
"607",1,3,23,1,16,1
"608",1,3,9,1,37,1
"609",2,3,9,1,10,1
"610",2,3,9,1,12,1
"611",3,2,8,1,1,1
"612",3,3,8,1,36,1
"613",1,3,9,2,63,1
"614",2,3,9,2,25,1
"615",2,3,9,2,65,1
"616",2,3,9,1,25,1
"618",2,3,8,1,31,1
"619",2,3,8,1,27,1
"620",2,3,8,1,9,1
"621",2,3,8,1,7,1
"622",2,3,8,1,1,1
"623",2,3,8,1,54,1
"624",1,3,9,1,36,1
"625",1,3,9,1,37,1
"626",2,3,9,1,27,1
"627",1,3,9,1,31,1
"628",2,3,9,1,24,1
"629",1,3,9,1,90,1
"630",3,2,9,1,24,1
"631",1,3,9,1,20,1
"632",1,3,1,1,44,1
"633",1,3,1,1,54,1
"634",3,3,9,2,16,1
"636",1,3,9,1,34,1
"637",3,3,19,1,79,1
"638",1,3,9,1,67,1
"639",1,3,9,1,39,1
"640",3,2,9,2,21,1
"641",3,3,9,1,6,1
"642",2,3,19,1,26,1
"643",1,3,9,1,27,1
"644",1,3,3,1,21,1
"645",1,3,9,2,30,1
"646",2,3,11,1,53,1
"647",3,2,9,2,52,1
"648",2,3,9,1,40,1
"649",1,3,9,2,42,1
"650",1,2,4,1,75,1
"651",1,2,1,1,10,1
"652",1,3,9,1,76,1
"653",2,3,9,1,21,1
"654",1,3,3,1,45,1
"655",1,3,1,1,11,1
"656",1,3,9,1,53,1
"657",2,3,9,1,19,1
"658",1,3,8,1,53,1
"659",1,3,21,5,51,1
"660",1,2,11,5,35,1
"661",2,2,11,5,22,1
"662",2,3,9,1,2,1
"663",2,3,9,1,6,1
"664",1,3,9,1,43,1
"665",1,1,1,1,32,1
"666",1,2,1,1,61,1
"667",1,3,9,1,38,1
"668",2,3,11,1,49,1
"669",2,3,19,1,20,1
"670",2,3,9,1,36,1
"671",2,3,9,1,7,1
"672",2,3,9,1,8,1
"673",2,3,9,1,12,1
"674",3,3,4,1,36,1
"675",3,3,9,1,31,1
"676",3,3,9,1,1,1
"677",1,3,9,1,49,1
"678",1,2,19,1,26,1
"679",2,3,19,1,15,1
"680",1,3,8,1,43,1
"681",2,3,19,1,20,1
"682",1,3,9,1,22,1
"683",1,3,9,2,44,1
"684",1,3,9,1,33,1
"685",1,3,9,1,37,1
"686",1,3,9,1,27,1
"687",1,3,9,1,53,1
"688",1,3,9,1,68,1
"689",1,3,9,2,21,1
"690",1,3,9,1,24,1
"691",2,3,9,1,2,1
"692",2,3,9,1,20,1
"693",2,3,9,1,17,1
"694",3,2,9,1,20,1
"695",1,3,9,1,20,1
"696",2,3,9,1,27,1
"697",1,3,5,1,46,1
"698",1,2,9,1,34,1
"699",2,2,9,1,20,1
"700",2,2,9,1,24,1
"701",1,2,1,1,14,1
"702",1,3,9,1,20,1
"703",2,3,9,1,14,1
"704",1,1,5,2,21,1
"705",1,3,9,1,37,1
"706",1,3,22,1,50,1
"707",3,3,2,1,64,1
"708",3,2,8,2,38,1
"709",1,2,1,1,51,1
"710",1,3,5,1,35,1
"711",2,3,11,1,13,1
"712",2,3,11,1,34,1
"713",2,3,11,1,17,1
"714",2,3,11,1,60,1
"715",3,3,11,1,48,1
"716",1,3,3,1,51,1
"717",1,3,19,1,32,1
"718",1,3,9,2,27,1
"719",1,3,9,1,23,1
"720",1,3,9,1,20,1
"721",2,3,9,1,18,1
"722",1,3,2,1,12,1
"723",1,3,2,1,13,1
"724",1,3,9,9,34,1
"725",1,2,9,1,26,1
"726",2,2,9,1,25,1
"727",1,2,9,1,54,1
"728",1,3,9,1,40,1
"729",1,3,9,1,46,1
"730",3,3,19,2,50,1
"731",1,3,9,1,36,1
"732",2,3,9,1,19,1
"733",2,3,9,1,15,1
"734",1,2,9,1,49,1
"735",2,2,9,1,28,1
"736",1,3,9,1,58,1
"737",1,3,9,1,45,1
"738",2,3,9,1,30,1
"739",2,3,9,1,24,1
"740",3,3,9,1,32,1
"741",1,3,17,1,28,1
"742",1,3,9,2,37,1
"743",2,3,9,2,36,1
"744",1,3,9,2,26,1
"745",3,2,9,2,60,1
"746",1,3,9,1,85,1
"747",1,1,9,1,30,1
"748",2,1,9,1,26,1
"749",2,3,11,1,65,1
"750",3,3,8,1,61,1
"751",3,3,9,1,55,1
"752",2,3,9,1,9,1
"753",1,2,9,1,28,1
"754",2,2,9,1,19,1
"755",1,3,9,1,35,1
"756",1,3,5,1,47,1
"757",1,3,1,1,14,1
"758",1,3,1,1,52,1
"759",1,3,1,1,60,1
"760",1,3,1,1,14,1
"761",1,3,9,1,52,1
"762",2,3,9,1,55,1
"763",3,3,9,1,1,1
"764",1,3,9,1,26,1
"765",1,3,1,1,55,1
"766",1,3,9,1,63,1
"767",3,3,9,1,11,1
"768",1,3,9,1,56,1
"769",3,3,19,1,19,1
"770",1,3,2,2,16,1
"771",1,3,9,1,55,1
"772",1,2,1,1,37,1
"773",1,1,9,1,18,1
"774",2,3,9,1,72,1
"775",3,3,9,1,24,1
"776",1,3,9,1,18,1
"777",3,3,9,1,43,1
"778",2,3,9,8,11,1
"779",3,3,9,1,35,1
"780",1,3,1,1,51,1
"781",3,3,9,1,13,1
"782",1,3,9,1,23,1
"783",1,3,3,1,23,1
"784",3,3,10,1,5,1
"785",1,3,9,1,28,1
"786",2,3,9,1,62,1
"787",1,3,9,1,54,1
"788",2,3,9,1,48,1
"789",1,3,19,1,38,1
"790",2,3,9,1,29,1
"791",2,3,9,1,25,1
"792",1,3,9,1,86,1
"793",1,3,9,1,22,1
"794",2,3,9,1,24,1
"795",3,3,9,2,51,1
"796",1,3,9,1,48,1
"797",2,3,9,1,10,1
"798",2,3,9,1,32,1
"799",2,3,8,1,20,1
"800",1,3,9,1,72,1
"801",1,3,9,1,78,1
"802",1,2,1,1,46,1
"803",1,3,9,1,79,1
"804",1,3,9,1,49,1
"805",1,3,4,1,33,1
"806",2,3,9,1,34,0
"807",1,3,9,1,20,1
"808",3,3,9,1,40,1
"809",3,3,19,1,25,1
"810",2,3,11,1,64,1
"811",3,3,9,1,27,1
"812",2,3,9,1,52,1
"813",1,2,3,1,21,1
"814",1,3,9,1,41,1
"815",1,3,9,1,44,1
"816",3,3,9,1,74,1
"817",1,3,8,3,58,1
"818",3,3,9,1,36,1
"819",3,3,9,1,22,1
"820",2,3,9,1,82,1
"821",1,3,9,1,25,1
"822",1,3,9,1,38,1
"823",2,3,9,1,15,1
"824",1,3,9,1,19,1
"825",1,3,1,1,54,1
"826",1,3,9,1,50,1
"827",1,3,9,1,22,1
"828",1,3,1,1,24,1
"829",1,3,9,1,48,1
"830",2,3,9,1,49,1
"831",2,3,9,1,17,1
"832",1,3,3,2,26,1
"833",3,3,9,5,24,1
"834",1,3,9,1,47,1
"835",2,3,9,1,16,1
"836",1,3,9,1,30,1
"837",3,3,9,1,33,1
"838",3,3,9,1,69,1
"839",1,3,1,1,41,1
"840",1,3,5,1,61,1
"841",1,3,9,1,81,1
"842",3,2,21,1,52,1
"843",1,3,9,1,87,1
"844",2,2,9,1,87,1
"845",3,3,90,1,39,1
"846",1,3,19,1,48,1
"847",1,3,19,1,40,1
"848",3,2,9,1,82,1
"849",1,3,19,1,66,1
"850",1,3,9,1,45,1
"851",1,3,1,1,36,1
"852",2,2,9,1,29,1
"853",1,2,9,1,39,1
"854",1,2,9,1,29,1
"855",3,3,9,1,72,1
"856",1,3,9,1,43,1
"857",1,3,8,1,38,1
"858",2,3,9,1,33,1
"859",1,1,9,1,80,1
"860",3,3,9,1,82,1
"861",1,3,9,1,38,1
"862",1,3,1,1,29,1
"863",2,2,9,7,36,1
"864",3,3,9,1,21,1
"865",1,3,9,1,35,1
"866",2,3,9,1,49,1
"867",2,3,9,1,7,1
"868",2,3,9,1,18,1
"869",1,3,9,1,43,1
"870",1,3,9,1,51,1
"871",2,3,9,1,45,1
"872",3,2,9,1,72,1
"873",1,1,9,1,29,1
"874",1,3,9,1,53,1
"875",2,3,9,1,59,1
"876",1,3,5,1,50,1
"877",3,3,9,1,15,1
"878",1,3,8,1,32,1
"879",1,3,5,1,33,1
"880",1,3,9,1,34,1
"881",1,3,3,1,17,1
"882",1,3,3,1,17,1
"883",3,3,8,1,82,1
"884",1,3,9,5,22,1
"885",3,2,8,2,26,1
"886",1,3,9,2,43,1
"887",2,3,9,2,15,1
"888",2,2,8,1,26,1
"889",1,2,8,1,66,1
"890",1,3,9,2,27,1
"891",1,3,1,1,18,1
"892",1,3,1,1,19,1
"893",2,3,8,2,2,1
"894",1,2,21,1,64,1
"895",1,3,9,1,29,1
"896",1,2,9,1,64,1
"897",1,3,9,5,44,1
"898",2,3,9,6,44,1
"899",2,3,9,6,22,1
"900",2,3,9,6,8,1
"901",2,3,9,6,20,1
"902",1,3,9,1,18,1
"903",1,3,9,5,30,1
"904",1,3,9,5,32,1
"905",2,3,9,1,83,1
"906",1,3,8,1,42,1
"907",2,3,8,1,20,1
"908",1,2,9,1,82,1
"909",3,2,9,1,13,1
"910",3,3,9,2,66,1
"911",1,3,9,1,44,1
"912",1,3,9,1,38,1
"913",1,3,9,8,29,1
"914",1,3,9,8,29,1
"915",1,3,9,3,26,1
"916",1,2,9,5,34,1
"917",1,3,9,5,27,1
"918",2,3,9,5,32,0
"919",1,3,9,1,45,1
"920",3,3,9,1,57,1
"921",1,3,9,1,18,1
"922",2,3,9,1,17,1
"923",2,3,9,1,16,1
"924",2,3,9,1,17,1
"925",3,3,9,4,13,1
"926",3,3,9,4,37,1
"927",3,3,9,5,16,1
"928",1,2,1,1,50,1
"929",1,3,9,1,45,1
"930",1,3,9,1,64,1
"931",3,3,9,1,79,1
"932",1,3,1,1,23,1
"933",1,3,9,1,68,1
"934",3,3,20,1,69,1
"935",1,3,9,1,48,1
"936",1,3,9,1,40,1
"937",2,3,9,1,7,1
"938",2,3,9,1,3,1
"939",2,3,9,1,36,1
"940",1,3,9,1,42,1
"941",1,3,9,1,47,1
"942",3,3,9,1,85,1
"943",1,2,9,1,66,1
"944",2,3,9,1,67,1
"945",1,3,9,1,33,1
"946",1,3,21,1,28,1
"947",2,1,9,1,44,1
"948",1,2,9,1,34,1
"949",1,3,9,1,46,1
"950",2,3,9,1,52,1
"951",2,3,9,1,14,1
"952",2,3,9,1,14,1
"953",2,3,9,1,15,1
"954",1,3,9,1,68,1
"955",1,3,9,1,34,1
"956",1,3,9,1,47,1
"957",1,3,3,1,29,1
"958",3,3,9,1,76,1
"959",1,3,9,1,39,1
"960",3,2,9,1,76,1
"961",1,3,9,1,36,1
"962",1,3,9,1,45,1
"963",1,3,9,1,45,1
"964",1,3,9,1,48,1
"965",1,3,9,1,45,1
"966",1,3,9,2,22,1
"967",2,3,9,2,14,1
"968",3,3,9,6,42,1
"969",1,3,9,1,58,1
"970",1,3,1,1,27,1
"971",2,3,9,1,5,1
"972",3,2,9,1,61,1
"973",3,3,9,1,9,1
"974",2,2,9,1,25,1
"975",1,3,9,1,57,1
"976",3,3,9,1,70,1
"977",1,3,3,1,42,1
"978",1,2,9,1,82,1
"979",3,3,9,1,20,1
"980",3,3,9,1,29,1
"981",1,3,9,2,51,1
"982",1,3,9,1,23,1
"983",2,3,9,2,10,1
"984",2,3,9,1,10,1
"985",1,3,1,1,49,1
"986",1,3,9,1,32,1
"987",2,3,9,1,4,1
"988",3,1,9,2,48,1
"989",1,3,9,1,34,1
"990",3,3,9,1,18,1
"991",1,2,4,1,22,1
"992",1,3,9,1,36,1
"993",1,2,9,1,71,1
"994",3,3,9,1,32,1
"995",1,2,4,1,55,1
"996",1,3,4,1,61,1
"997",3,3,9,1,12,1
"998",1,3,1,1,17,1
"999",3,3,9,1,84,1
"1000",1,3,1,1,49,1
"1001",1,3,9,1,24,1
"1002",1,3,9,1,40,1
"1003",1,3,9,1,40,1
"1004",3,2,9,2,46,1
"1005",1,2,1,2,66,1
"1006",3,3,9,1,23,1
"1007",1,3,9,5,65,1
"1008",2,3,9,5,54,1
"1009",3,3,8,2,37,1
"1010",1,3,5,2,45,1
"1011",2,3,9,1,29,1
"1012",1,3,9,1,67,1
"1013",1,3,9,2,84,1
"1014",2,3,9,1,24,1
"1015",3,2,9,1,48,1
"1016",3,2,9,1,3,1
"1017",1,2,90,1,32,1
"1018",1,2,3,1,25,1
"1019",3,3,9,1,30,1
"1020",1,2,1,1,19,1
"1021",1,3,1,1,9,1
"1022",1,3,9,1,35,1
"1023",2,3,9,1,27,1
"1024",3,2,9,1,8,1
"1025",1,3,9,1,25,1
"1026",2,3,9,1,23,1
"1027",2,3,9,1,23,1
"1028",2,3,9,1,24,1
"1029",1,3,3,1,18,1
"1030",1,3,1,1,51,1
"1031",1,3,9,1,32,1
"1032",1,3,90,1,10,1
"1033",1,3,2,1,28,1
"1034",1,3,9,1,39,1
"1035",1,3,9,1,24,1
"1036",1,3,1,1,28,1
"1037",3,3,9,1,13,1
"1038",1,3,9,1,27,1
"1039",1,3,9,1,31,1
"1040",1,3,3,2,17,1
"1041",1,3,9,1,25,1
"1042",2,3,8,1,32,1
"1043",1,3,8,1,34,1
"1044",2,3,9,1,32,1
"1045",2,3,9,1,22,1
"1046",2,3,9,1,20,1
"1047",1,3,3,1,29,1
"1048",1,3,1,1,16,1
"1049",1,3,1,1,19,1
"1050",1,3,9,1,23,1
"1051",2,3,9,1,23,1
"1052",2,3,9,1,19,1
"1053",2,3,9,1,19,1
"1054",1,3,9,1,20,1
"1055",3,3,9,2,64,1
"1056",1,3,19,2,30,1
"1057",2,3,9,2,43,1
"1058",1,3,9,2,31,1
"1059",1,3,9,1,22,1
"1060",1,3,9,1,20,1
"1061",1,3,3,1,32,1
"1062",1,3,9,1,22,1
"1063",1,3,8,1,42,1
"1064",1,3,3,1,19,1
"1065",1,3,9,1,24,1
"1066",1,3,9,5,41,1
"1067",1,3,1,1,43,1
"1068",1,3,9,1,60,1
"1069",1,3,1,1,48,1
"1070",1,3,9,1,25,1
"1071",1,3,9,1,39,1
"1072",3,3,9,1,74,1
"1073",1,3,1,1,14,1
"1074",1,3,9,1,53,1
"1075",1,1,9,1,81,1
"1076",1,3,9,1,45,1
"1077",3,2,9,1,11,1
"1078",2,2,90,1,2,1
"1079",3,3,9,1,8,1
"1080",2,3,9,1,29,1
"1081",1,3,9,1,39,1
"1082",3,3,9,1,66,1
"1083",1,3,9,1,18,1
"1084",2,3,9,1,19,1
"1085",2,3,9,1,17,1
"1086",2,3,9,1,19,1
"1087",1,3,9,1,54,1
"1088",1,3,9,1,44,1
"1089",1,2,5,1,27,1
"1090",3,3,8,1,25,1
"1091",1,3,9,1,21,1
"1092",1,3,3,1,23,1
"1093",1,3,9,1,23,1
"1094",2,3,9,1,18,1
"1095",1,3,9,1,57,1
"1096",1,3,9,1,34,1
"1097",3,3,8,2,19,1
"1098",1,3,5,1,53,1
"1099",1,3,9,1,53,1
"1100",1,3,9,1,23,1
"1101",1,3,9,2,19,1
"1102",1,3,9,2,20,1
"1103",1,3,9,5,42,1
"1104",1,3,9,5,41,1
"1105",1,3,9,5,37,1
"1106",1,3,9,5,22,1
"1107",1,3,5,1,35,1
"1108",1,3,9,1,47,1
"1109",2,3,9,1,27,1
"1110",2,3,9,1,25,1
"1111",2,3,9,1,60,1
"1112",2,3,9,1,44,1
"1113",2,3,9,1,10,1
"1114",1,2,9,1,34,1
"1115",1,3,9,1,40,1
"1116",1,2,1,1,25,1
"1117",3,2,9,1,9,1
"1118",1,3,21,1,49,1
"1119",1,2,4,1,24,1
"1120",1,3,3,1,42,1
"1121",1,3,1,1,43,1
"1122",1,3,1,1,19,1
"1123",1,3,9,1,28,1
"1124",2,3,9,1,29,1
"1125",1,3,21,1,52,1
"1126",2,3,9,1,24,1
"1127",1,2,1,1,42,1
"1128",1,3,19,1,42,1
"1129",1,3,19,1,60,1
"1130",2,3,11,1,3,1
"1131",1,3,9,2,52,1
"1132",1,3,9,2,25,1
"1133",3,3,9,2,30,1
"1134",1,3,8,1,50,1
"1135",2,3,8,1,44,1
"1136",1,3,9,1,28,1
"1137",1,3,1,4,51,1
"1138",3,3,9,1,30,1
"1139",1,3,9,1,36,1
"1140",1,3,17,1,20,1
"1141",2,3,8,1,22,1
"1142",1,2,4,1,17,1
"1143",1,3,9,1,35,1
"1144",2,3,9,1,74,1
"1145",1,3,3,1,18,1
"1146",1,3,9,1,71,1
"1147",1,2,1,1,45,1
"1148",2,3,9,1,24,1
"1149",2,3,9,1,34,1
"1150",1,2,9,1,38,1
"1151",2,2,9,1,19,1
"1152",2,2,9,1,35,1
"1153",1,2,9,1,22,1
"1154",2,2,9,1,20,1
"1155",2,2,9,1,19,1
"1156",2,2,9,1,17,1
"1157",2,2,9,1,19,1
"1158",3,3,9,1,42,1
"1159",2,1,9,1,16,1
"1160",2,3,9,1,28,1
"1161",1,2,9,1,22,1
"1162",1,3,3,1,46,1
"1163",2,3,9,1,50,1
"1164",1,3,9,1,57,1
"1165",1,3,9,1,47,1
"1166",3,3,21,1,86,1
"1167",1,3,3,1,32,1
"1168",2,3,9,1,9,1
"1169",1,3,1,1,35,1
"1170",1,3,9,1,46,1
"1171",1,2,9,1,49,1
"1172",1,3,4,1,21,1
"1173",3,2,9,1,41,1
"1174",2,2,9,1,51,1
"1175",1,3,9,1,62,1
"1176",1,3,9,1,44,1
"1177",3,3,9,1,7,1
"1178",1,3,9,1,56,1
"1179",1,2,9,1,48,1
"1180",2,2,9,1,30,1
"1181",1,2,9,1,33,1
"1182",3,3,9,2,14,1
"1183",3,2,9,1,8,1
"1184",3,3,21,1,42,1
"1185",1,3,1,1,21,1
"1186",1,3,9,1,55,1
"1187",1,3,9,1,45,1
"1188",1,3,9,1,65,1
"1189",1,3,9,1,37,1
"1190",1,2,9,1,65,1
"1191",1,3,9,1,47,1
"1192",1,3,9,1,25,1
"1193",1,3,9,1,36,1
"1194",1,3,1,1,59,1
"1195",1,2,3,1,54,1
"1196",1,3,9,1,32,1
"1197",2,3,9,1,19,1
"1198",1,3,9,1,57,1
"1199",1,3,9,1,46,1
"1200",1,3,9,1,31,1
"1201",1,3,3,1,37,1
"1202",1,2,9,1,41,1
"1203",3,3,9,1,11,1
"1204",3,3,9,1,25,1
"1205",1,3,9,1,39,1
"1206",3,2,9,1,24,1
"1207",3,3,9,1,55,1
"1208",3,2,90,1,13,1
"1209",2,3,9,2,39,1
"1210",1,3,3,2,17,1
"1211",1,2,1,1,18,1
"1212",1,3,5,1,58,1
"1213",1,2,1,1,30,1
"1214",1,3,9,1,83,1
"1215",2,2,9,1,34,1
"1216",2,3,9,1,45,1
"1217",1,3,9,1,54,1
"1218",1,3,3,1,18,1
"1219",1,3,4,1,37,0
"1220",2,3,9,2,26,1
"1221",2,3,9,1,19,1
"1222",1,3,9,1,57,1
"1223",1,3,9,1,35,1
"1224",2,3,9,1,6,1
"1225",2,3,9,1,10,1
"1226",2,3,9,1,39,1
"1227",2,3,9,1,21,1
"1228",1,3,9,1,22,1
"1229",2,3,9,1,44,1
"1230",2,3,9,1,18,1
"1231",3,3,9,1,44,1
"1232",1,3,1,1,45,1
"1233",3,2,9,1,22,1
"1234",3,3,9,1,12,1
"1235",1,3,5,1,66,1
"1236",1,3,9,1,67,1
"1237",3,3,11,1,74,1
"1238",1,3,4,2,20,1
"1239",2,3,9,2,28,1
"1240",2,3,9,2,31,1
"1241",3,1,9,1,46,1
"1242",1,3,9,1,51,1
"1243",1,3,1,1,7,1
"1244",1,3,3,1,20,1
"1245",1,3,5,2,36,1
"1246",1,3,9,1,55,1
"1247",1,3,11,1,58,1
"1248",2,3,11,1,79,1
"1249",3,3,9,1,7,1
"1250",1,3,3,1,19,1
"1251",3,3,9,1,9,1
"1252",1,3,1,1,9,1
"1253",2,2,9,1,71,1
"1254",1,3,9,1,47,1
"1255",1,3,9,1,68,1
"1256",1,3,1,1,15,1
"1257",1,3,9,1,21,1
"1258",2,3,9,1,18,1
"1259",1,3,3,1,23,1
"1260",1,2,3,1,19,1
"1261",1,3,1,1,7,1
"1262",1,3,9,1,26,1
"1263",1,2,3,1,30,1
"1264",3,3,9,1,18,1
"1265",1,3,9,1,56,1
"1266",1,3,4,1,56,1
"1267",1,3,9,1,41,1
"1268",3,3,9,1,46,1
"1269",1,3,9,1,53,1
"1270",1,3,9,1,35,1
"1271",1,3,19,1,63,1
"1272",1,3,9,2,27,1
"1273",1,3,1,1,68,1
"1274",1,3,9,1,23,1
"1275",1,3,9,1,50,1
"1276",1,3,9,1,45,1
"1277",3,3,9,1,25,1
"1278",1,2,1,1,31,1
"1279",1,3,9,1,25,1
"1280",1,3,9,1,32,1
"1281",1,3,9,1,56,1
"1282",3,3,9,1,44,1
"1283",1,3,1,1,63,1
"1284",1,3,9,1,59,1
"1285",1,3,9,1,18,1
"1286",1,3,2,1,22,1
"1287",1,3,9,1,23,1
"1288",1,3,9,1,46,1
"1289",3,3,9,1,11,1
"1290",2,3,9,1,47,1
"1291",1,3,9,1,55,1
"1292",1,3,1,1,50,1
"1293",1,3,9,1,20,1
"1294",3,2,11,1,61,1
"1295",3,3,9,1,16,1
"1296",2,3,11,1,78,1
"1297",2,3,9,1,47,1
"1298",3,2,9,1,10,1
"1299",1,3,9,1,25,1
"1300",2,3,9,1,29,1
"1301",3,3,9,1,5,1
"1302",3,2,9,1,1,1
"1303",1,3,5,1,35,1
"1304",1,3,9,1,36,1
"1305",1,3,1,1,6,1
"1306",3,3,9,1,63,1
"1307",1,3,9,1,24,1
"1308",1,3,9,1,27,1
"1309",1,3,9,1,53,1
"1310",2,3,9,1,19,1
"1311",1,3,1,1,16,1
"1312",1,3,1,2,28,1
"1313",3,3,9,1,5,1
"1314",1,3,9,1,32,1
"1315",1,3,9,1,41,1
"1316",3,2,9,1,13,1
"1317",1,2,9,1,26,1
"1318",1,2,9,1,19,1
"1319",1,2,5,1,37,1
"1320",3,3,9,1,7,1
"1321",1,3,9,1,59,1
"1322",1,3,9,1,54,1
"1323",1,2,9,1,83,1
"1324",1,3,9,1,28,1
"1325",1,3,18,1,47,1
"1326",2,3,18,1,9,1
"1327",2,3,18,1,10,1
"1328",1,3,9,1,41,1
"1329",1,3,9,1,19,1
"1330",1,3,9,1,43,1
"1331",1,2,9,1,21,1
"1332",1,3,9,1,49,1
"1333",2,3,9,1,12,1
"1334",3,3,21,1,18,1
"1335",1,3,3,1,31,1
"1336",1,3,9,1,54,1
"1337",1,3,9,1,25,1
"1338",1,3,9,1,30,1
"1339",2,3,9,2,8,1
"1340",2,3,9,2,13,1
"1341",1,3,9,4,42,1
"1342",1,3,9,7,29,1
"1343",2,3,9,7,36,1
"1344",2,3,9,7,27,1
"1345",2,3,9,7,23,1
"1346",1,2,1,1,44,1
"1347",1,3,1,1,26,1
"1348",1,2,1,1,42,1
"1349",3,3,9,7,19,1
"1350",3,2,9,2,28,1
"1351",3,3,9,1,63,1
"1352",1,3,2,1,17,1
"1353",1,3,9,1,36,1
"1354",3,3,9,1,31,0
"1355",3,3,9,1,76,1
"1356",1,3,9,1,29,1
"1357",1,3,9,5,27,1
"1358",1,3,9,1,43,1
"1359",1,3,9,1,24,1
"1360",1,3,3,4,42,1
"1361",3,3,3,4,25,1
"1362",3,3,9,2,15,1
"1363",1,3,9,1,31,1
"1364",3,3,9,1,87,1
"1365",1,3,3,2,36,1
"1366",1,3,9,2,30,1
"1367",3,3,19,5,15,1
"1368",3,3,9,5,23,1
"1369",1,3,9,2,31,1
"1370",2,3,9,2,61,1
"1371",3,3,9,1,17,1
"1372",3,3,9,1,17,1
"1373",2,3,9,5,64,1
"1374",1,3,9,5,20,1
"1375",1,3,9,5,55,1
"1376",1,3,9,4,52,1
"1377",1,3,9,1,38,1
"1378",1,3,9,1,49,1
"1379",1,3,9,2,49,1
"1380",1,3,9,5,20,1
"1381",1,3,9,5,24,1
"1382",3,3,9,2,19,1
"1383",1,2,9,1,88,1
"1384",2,3,9,1,20,1
"1385",1,3,9,1,20,1
"1386",1,2,9,1,18,1
"1387",2,3,9,1,15,1
"1388",2,3,9,1,15,1
"1389",3,2,9,1,58,1
"1390",1,2,4,1,23,1
"1391",3,3,9,1,7,1
"1392",1,3,9,1,31,1
"1393",2,3,8,1,33,1
"1394",3,3,9,1,54,1
"1395",1,3,9,1,22,1
"1396",1,3,9,1,43,1
"1397",1,3,9,2,27,1
"1398",1,3,8,2,30,1
"1399",1,3,9,5,29,1
"1400",1,2,4,1,18,1
"1401",3,3,10,1,66,1
"1402",1,2,5,2,38,0
"1403",1,3,9,1,64,1
"1404",3,3,9,2,43,1
"1405",1,3,9,2,54,1
"1406",1,3,9,2,45,1
"1407",2,3,9,5,47,1
"1408",2,3,9,5,24,1
"1409",1,3,9,5,49,1
"1410",2,3,9,5,3,1
"1411",1,3,16,1,40,1
"1412",1,3,21,5,62,1
"1413",1,3,9,1,27,1
"1414",1,3,9,1,43,1
"1415",2,3,9,1,18,1
"1416",3,3,9,1,14,1
"1417",3,2,9,1,87,1
"1418",3,3,9,1,44,1
"1419",1,3,9,2,31,1
"1420",1,3,9,2,48,1
"1421",2,3,8,2,21,1
"1422",3,2,9,2,47,1
"1423",1,3,3,2,23,1
"1424",2,3,8,2,1,1
"1425",3,2,20,1,40,1
"1426",3,2,9,1,69,1
"1427",3,2,9,1,49,1
"1428",1,3,5,5,49,1
"1429",3,3,9,1,62,1
"1430",1,3,9,5,32,1
"1431",3,3,9,5,15,1
"1432",3,1,90,1,59,1
"1433",1,3,9,1,34,1
"1434",1,3,16,1,22,1
"1435",1,3,9,2,27,1
"1436",2,3,9,2,22,1
"1437",2,3,9,2,2,1
"1438",1,3,9,1,27,1
"1439",1,3,9,2,28,1
"1440",1,3,9,2,36,1
"1441",2,2,19,1,38,1
"1442",2,3,9,1,44,1
"1443",1,3,19,2,20,1
"1444",1,3,9,2,49,1
"1445",1,3,9,2,43,1
"1446",2,3,9,2,79,1
"1447",3,3,9,9,8,1
"1448",3,3,9,1,15,1
"1449",3,3,9,1,17,1
"1450",1,3,9,8,29,1
"1451",2,3,9,8,9,1
"1452",2,3,9,8,11,1
"1453",2,3,9,8,8,1
"1454",1,3,19,1,28,1
"1455",1,3,9,1,29,1
"1456",2,3,9,1,56,1
"1457",2,3,9,1,30,1
"1458",2,3,9,1,28,1
"1459",2,2,8,1,52,1
"1460",3,3,9,1,35,1
"1461",3,3,9,2,40,1
"1463",1,3,9,2,40,1
"1464",2,3,9,2,22,1
"1465",1,3,9,1,24,1
"1466",2,3,9,1,43,1
"1467",1,1,9,1,20,1
"1468",2,1,9,1,19,1
"1469",2,3,9,1,19,1
"1470",1,3,1,4,53,1
"1471",2,3,9,2,5,1
"1472",1,3,9,1,42,1
"1473",3,2,9,3,33,1
"1474",3,3,9,1,16,1
"1475",3,3,9,1,51,1
"1476",3,3,9,4,52,1
"1477",3,3,9,2,18,1
"1478",1,3,8,5,25,1
"1479",1,3,9,1,69,1
"1480",1,3,8,1,34,1
"1481",1,3,9,1,19,1
"1482",2,2,9,1,18,1
"1483",1,3,9,1,29,1
"1484",2,3,9,1,29,1
"1485",3,3,9,1,49,1
"1486",1,3,9,1,46,1
"1487",1,3,9,9,27,1
"1488",2,3,11,1,46,1
"1489",1,3,9,2,21,1
"1490",1,3,9,2,77,1
"1491",1,3,11,1,56,1
"1492",1,3,9,1,36,1
"1493",1,3,9,1,33,1
"1494",1,3,19,1,28,1
"1495",1,3,5,1,54,1
"1496",3,3,5,1,60,1
"1497",1,3,8,1,44,1
"1498",1,2,1,1,67,1
"1499",1,3,9,1,39,1
"1500",2,3,9,1,46,1
"1501",1,3,9,2,27,1
"1502",1,3,9,1,33,1
"1503",2,3,9,1,40,1
"1504",2,3,9,1,32,1
"1505",2,3,9,1,21,1
"1506",1,2,9,1,21,1
"1507",2,3,9,1,21,1
"1508",1,2,9,1,44,1
"1509",1,3,9,1,45,1
"1510",2,3,9,1,17,1
"1511",3,3,9,1,48,1
"1512",1,2,9,1,67,1
"1513",2,3,9,1,20,1
"1514",1,3,9,1,27,1
"1515",1,3,9,9,31,1
"1516",1,3,9,9,62,1
"1517",1,3,9,1,56,1
"1518",1,3,9,1,57,1
"1519",1,3,9,9,38,1
"1520",1,3,9,1,17,1
"1521",1,3,9,1,38,1
"1522",1,1,9,1,58,1
"1523",3,3,11,1,38,1
"1524",1,3,9,1,22,1
"1525",1,3,19,1,27,1
"1526",1,3,9,1,32,1
"1527",2,3,9,1,70,1
"1528",2,2,9,1,52,1
"1529",1,3,9,1,26,1
"1530",1,3,9,1,39,1
"1531",2,3,9,1,45,1
"1532",2,3,9,1,10,1
"1533",2,3,9,1,6,1
"1534",1,3,1,1,41,1
"1535",1,3,9,1,25,1
"1536",1,2,3,1,56,1
"1537",1,3,9,2,58,1
"1538",1,3,9,2,50,1
"1539",3,2,9,1,73,1
"1540",1,3,9,1,21,1
"1541",1,3,9,1,29,1
"1542",2,3,9,1,87,1
"1543",2,3,9,1,50,1
"1544",3,3,9,1,13,1
"1545",3,3,9,1,13,1
"1546",1,3,11,1,45,1
"1547",1,2,9,1,43,1
"1548",1,3,9,1,27,1
"1549",1,3,2,1,17,1
"1550",1,2,3,1,26,1
"1551",3,2,9,1,53,1
"1552",1,3,9,2,41,1
"1553",1,3,9,2,43,1
"1554",2,3,9,2,23,1
"1555",2,3,9,2,23,1
"1556",1,3,9,1,39,1
"1557",1,3,9,1,53,1
"1558",1,3,9,1,22,1
"1559",3,3,19,1,81,1
"1560",1,3,9,1,50,1
"1561",2,3,9,1,40,1
"1562",1,3,3,1,18,1
"1563",3,3,9,1,6,1
"1564",1,3,3,2,17,1
"1565",1,3,8,2,39,1
"1566",2,3,19,1,26,1
"1567",2,3,11,1,42,1
"1568",1,2,3,1,27,1
"1569",1,3,9,1,22,1
"1570",2,3,9,1,9,1
"1571",1,3,1,1,36,0
"1572",1,3,9,2,73,1
"1573",1,3,9,2,32,1
"1574",2,3,9,2,76,1
"1575",1,3,9,1,24,1
"1576",1,3,9,1,58,1
"1577",1,3,9,1,43,1
"1578",1,3,9,1,28,1
"1579",1,2,9,1,59,1
"1580",1,3,9,1,27,1
"1581",2,3,9,1,50,1
"1582",1,3,9,1,34,1
"1583",2,3,9,1,33,1
"1584",3,3,9,1,12,1
"1585",1,3,9,1,20,1
"1586",1,3,1,1,22,1
"1587",1,3,1,1,27,1
"1588",1,3,9,1,44,1
"1589",1,3,9,1,87,1
"1590",1,3,9,1,46,1
"1591",1,3,9,1,71,1
"1592",2,3,9,1,41,1
"1593",1,3,9,1,37,1
"1594",1,3,9,2,32,1
"1595",2,3,9,2,33,1
"1596",2,3,9,2,27,1
"1597",2,3,9,3,69,1
"1598",1,3,9,3,71,1
"1599",1,3,9,5,63,1
"1600",1,3,9,1,42,1
"1601",3,2,9,1,18,1
"1602",2,3,11,1,84,1
"1603",1,2,9,1,17,1
"1604",2,1,9,1,18,1
"1605",3,3,9,1,77,1
"1606",1,3,20,1,61,1
"1607",1,2,1,1,44,1
"1608",1,3,9,2,28,1
"1609",1,3,9,4,40,1
"1610",2,3,9,4,28,1
"1611",1,3,9,4,17,1
"1612",1,3,9,1,61,1
"1613",1,3,9,1,48,1
"1614",3,2,9,1,81,1
"1615",1,3,3,1,24,1
"1616",1,3,2,1,18,1
"1617",1,3,9,1,54,1
"1618",2,3,9,1,20,1
"1619",3,3,9,1,15,1
"1620",1,3,9,1,20,1
"1621",1,3,9,1,36,1
"1622",1,3,1,1,44,1
"1623",1,2,5,4,40,1
"1624",1,3,9,1,24,1
"1625",1,3,9,1,47,1
"1626",1,3,5,1,22,1
"1627",3,3,9,1,10,1
"1628",1,3,9,1,51,1
"1629",2,3,9,1,20,1
"1630",2,3,9,1,21,1
"1631",2,3,9,1,27,1
"1632",2,3,9,1,18,1
"1633",1,2,5,1,24,1
"1634",1,3,1,1,16,1
"1635",1,3,9,1,18,1
"1636",2,3,9,1,24,1
"1637",1,3,9,1,28,1
"1638",1,2,5,1,56,1
"1639",2,3,5,1,47,1
"1640",2,2,9,1,23,1
"1641",1,3,1,1,26,1
"1642",1,3,1,1,7,1
"1643",1,2,9,1,78,1
"1644",2,3,9,1,17,1
"1645",1,3,9,1,18,1
"1646",2,3,9,1,17,1
"1647",3,3,9,1,10,1
"1648",3,3,9,1,6,1
"1649",3,3,9,1,29,1
"1650",3,3,9,1,40,1
"1651",1,3,9,1,30,1
"1652",1,3,5,1,52,1
"1653",1,3,9,2,25,1
"1654",2,3,9,2,33,1
"1655",1,3,9,1,40,1
"1656",1,3,9,1,22,1
"1657",2,3,9,1,22,1
"1658",1,3,9,1,43,1
"1659",1,3,9,1,27,1
"1660",2,3,11,1,30,1
"1661",2,3,9,1,30,1
"1662",3,2,9,2,32,0
"1663",1,3,9,2,27,1
"1664",2,3,9,2,39,1
"1665",1,3,9,2,55,1
"1666",2,3,9,2,45,1
"1667",1,2,2,1,36,1
"1668",1,3,9,1,38,1
"1669",2,3,9,1,37,1
"1670",2,3,9,1,24,1
"1671",1,3,9,1,26,1
"1672",2,3,9,1,67,1
"1673",1,3,9,1,70,1
"1674",1,3,1,1,42,1
"1675",3,3,9,1,11,1
"1676",1,3,1,1,70,1
"1677",1,3,9,1,23,1
"1678",2,3,9,1,32,1
"1679",1,3,9,1,54,1
"1680",1,3,9,1,53,1
"1681",1,2,1,1,11,1
"1682",1,3,5,1,49,1
"1683",3,3,9,1,26,1
"1684",1,3,9,1,33,1
"1685",1,3,3,1,57,1
"1686",2,3,9,1,48,1
"1687",2,3,8,1,19,1
"1688",1,3,1,1,38,1
"1689",3,3,8,1,61,1
"1690",1,3,9,1,82,1
"1691",2,3,9,1,78,1
"1692",2,3,9,5,11,1
"1693",1,3,9,5,42,1
"1694",2,3,9,2,17,1
"1695",2,3,9,2,13,1
"1696",1,3,9,2,46,1
"1697",3,3,5,1,16,1
"1698",2,3,9,1,15,1
"1699",1,2,9,1,33,1
"1700",2,3,9,1,33,1
"1701",1,3,9,2,19,1
"1702",1,3,11,2,55,1
"1703",2,3,11,2,27,1
"1704",1,3,2,2,25,1
"1705",1,3,9,1,69,1
"1706",1,3,9,1,27,1
"1707",1,3,9,1,76,1
"1708",2,2,9,1,68,1
"1709",1,3,5,1,49,1
"1710",1,3,2,1,16,1
"1711",1,3,9,1,24,1
"1712",2,3,9,1,38,1
"1713",2,3,9,1,11,1
"1714",2,3,9,1,9,1
"1715",2,3,9,1,12,1
"1716",1,3,9,1,58,1
"1717",3,2,9,1,41,1
"1718",3,3,9,1,60,1
"1719",1,3,9,1,47,1
"1720",1,3,9,1,49,1
"1721",1,3,9,1,55,1
"1723",1,2,9,1,27,1
"1724",2,2,9,1,18,1
"1725",1,1,9,1,21,1
"1726",2,2,9,1,24,1
"1727",2,2,9,1,18,1
"1728",3,2,9,1,32,1
"1729",2,3,9,1,17,1
"1730",2,3,9,1,17,1
"1731",2,3,9,1,17,1
"1732",1,3,9,1,17,1
"1733",2,3,9,1,87,1
"1734",3,2,9,1,8,1
"1735",1,3,9,1,43,1
"1736",2,3,9,1,22,1
"1737",2,3,9,1,23,1
"1738",1,3,19,1,23,1
"1739",3,2,9,1,57,1
"1740",1,3,1,1,32,1
"1741",1,3,9,1,20,1
"1742",3,3,9,1,44,1
"1743",1,2,9,1,18,1
"1744",1,3,9,1,23,1
"1745",2,3,9,1,22,1
"1746",1,2,9,1,37,1
"1747",1,2,1,1,54,1
"1748",1,3,1,1,33,1
"1749",1,3,5,1,40,1
"1750",1,3,9,1,28,1
"1751",1,3,9,1,18,1
"1752",1,3,9,1,67,1
"1753",3,2,9,1,84,1
"1754",1,2,5,1,54,1
"1755",1,3,1,1,55,1
"1756",2,3,9,2,37,1
"1757",1,3,2,1,17,1
"1758",3,2,9,1,63,1
"1759",1,3,9,1,36,1
"1760",2,3,9,1,37,1
"1761",2,3,9,1,45,1
"1762",1,3,9,1,51,1
"1763",3,3,9,1,16,1
"1764",1,3,9,1,22,1
"1765",2,3,9,1,28,1
"1766",2,2,9,2,51,1
"1767",1,2,9,2,42,1
"1768",2,3,9,2,30,1
"1769",2,3,9,2,5,1
"1770",2,3,9,2,3,1
"1771",1,3,9,2,26,1
"1772",1,3,1,1,36,1
"1773",1,2,1,1,66,1
"1774",3,3,9,1,35,1
"1775",1,3,1,1,44,1
"1776",1,3,9,1,59,1
"1777",3,2,9,1,17,1
"1778",3,3,9,1,14,1
"1779",2,3,9,1,83,1
"1780",1,2,1,1,51,1
"1781",2,3,9,1,40,1
"1782",1,2,9,1,46,1
"1783",1,3,9,1,24,1
"1784",1,3,1,2,23,1
"1785",3,3,9,1,51,1
"1786",1,3,9,1,58,1
"1787",3,2,11,1,8,1
"1788",1,3,9,1,27,1
"1789",3,3,9,1,3,1
"1790",3,3,9,1,49,1
"1791",1,3,9,1,63,1
"1792",1,3,9,1,47,1
"1793",1,3,9,1,19,1
"1794",2,3,9,1,19,1
"1795",1,3,9,1,70,1
"1796",3,3,9,1,13,1
"1797",3,3,20,1,89,1
"1798",1,3,9,1,29,1
"1799",2,3,9,1,29,1
"1800",1,3,1,1,41,1
"1801",1,3,19,1,29,1
"1802",1,3,9,1,69,1
"1803",1,3,1,1,46,1
"1804",1,3,5,1,44,1
"1805",2,3,5,1,43,1
"1806",1,3,9,1,37,1
"1807",2,3,9,1,34,1
"1808",3,3,9,1,8,1
"1809",1,2,1,1,28,1
"1810",2,3,9,2,6,1
"1811",1,3,1,1,47,1
"1812",3,2,9,1,4,1
"1813",3,3,9,1,15,1
"1814",1,3,2,1,17,1
"1815",3,3,9,1,1,1
"1816",1,3,9,1,31,1
"1817",2,2,9,1,30,1
"1818",2,3,8,1,15,1
"1819",1,2,3,1,46,1
"1820",2,3,8,1,16,1
"1821",1,3,9,1,41,1
"1822",1,3,9,1,54,1
"1823",1,3,1,1,15,1
"1824",1,2,2,2,60,1
"1825",1,3,9,1,21,1
"1826",2,3,9,1,30,1
"1827",1,3,9,1,25,1
"1828",1,3,9,1,38,1
"1829",2,3,9,1,15,1
"1830",1,3,19,1,48,1
"1831",1,3,1,1,82,1
"1832",1,3,90,2,51,1
"1833",1,3,9,1,39,1
"1834",1,3,9,1,26,1
"1835",1,3,1,2,49,1
"1836",1,3,3,1,31,1
"1837",1,2,1,1,39,1
"1838",1,2,9,2,34,1
"1839",3,3,9,1,33,1
"1840",2,3,9,1,25,1
"1841",1,3,9,2,29,1
"1842",2,3,9,2,24,1
"1843",2,3,9,1,21,1
"1844",2,3,9,1,13,1
"1845",1,3,9,1,25,1
"1846",1,3,19,1,53,1
"1847",1,3,9,1,54,1
"1848",1,3,9,1,42,1
"1849",3,3,9,1,19,1
"1850",1,3,90,1,66,1
"1851",3,3,9,1,53,1
"1852",1,3,9,1,55,1
"1853",1,2,1,1,45,1
"1854",2,3,9,1,6,1
"1855",3,3,9,1,10,1
"1856",2,3,9,1,12,1
"1857",2,3,9,1,11,1
"1858",1,3,9,1,25,1
"1859",2,3,9,1,38,1
"1860",2,3,8,1,43,1
"1861",2,2,8,1,40,1
"1862",1,2,8,1,54,1
"1863",3,3,9,1,78,1
"1864",1,3,9,1,24,1
"1865",3,2,11,1,45,1
"1866",1,3,9,1,40,1
"1867",2,3,9,1,9,1
"1868",3,3,9,1,36,1
"1869",1,2,3,3,26,1
"1870",1,3,1,1,54,1
"1871",2,3,9,1,6,1
"1872",1,3,1,1,21,1
"1873",2,3,9,1,52,1
"1874",1,2,9,1,79,1
"1875",2,2,9,1,78,1
"1876",1,3,9,1,51,1
"1877",3,3,9,1,11,1
"1878",1,3,9,1,29,1
"1879",3,2,9,1,2,1
"1880",1,3,9,1,66,1
"1881",1,2,1,1,48,1
"1882",2,3,9,1,60,1
"1883",1,3,9,1,28,1
"1884",1,3,9,1,20,1
"1885",1,3,9,1,64,1
"1886",1,3,21,1,42,1
"1887",1,3,9,1,39,1
"1888",1,3,9,1,19,1
"1889",2,3,9,1,24,1
"1890",2,3,9,1,41,1
"1891",2,3,9,1,17,1
"1892",3,3,9,1,57,1
"1893",1,3,1,1,35,1
"1894",1,2,1,1,57,1
"1895",1,2,19,1,43,1
"1896",2,3,5,1,25,1
"1897",1,2,5,1,22,1
"1898",1,3,1,1,12,1
"1899",3,3,9,1,43,1
"1900",3,3,9,2,10,1
"1901",1,3,9,7,17,1
"1902",1,3,9,7,62,1
"1903",1,3,4,7,41,1
"1904",1,3,9,2,43,1
"1905",1,3,9,2,63,1
"1906",3,3,9,1,6,1
"1907",1,3,9,5,41,1
"1908",1,3,9,1,32,1
"1909",2,3,9,1,30,1
"1910",3,2,11,1,12,1
"1911",3,3,9,1,11,1
"1912",1,3,9,1,41,1
"1913",3,3,9,1,33,1
"1914",1,3,5,1,21,1
"1915",1,3,9,1,23,1
"1916",2,3,9,2,14,1
"1917",2,3,9,2,16,1
"1918",3,2,9,1,4,1
"1919",3,2,9,1,8,1
"1920",1,3,1,1,23,1
"1921",1,3,9,1,21,1
"1922",1,3,3,5,18,1
"1923",1,3,9,1,27,1
"1924",3,1,9,1,63,1
"1925",1,3,1,1,25,1
"1926",1,3,9,1,33,1
"1927",1,3,9,1,49,1
"1928",2,3,9,1,62,1
"1929",1,3,9,1,56,1
"1930",1,3,9,1,23,1
"1931",1,2,9,1,22,1
"1932",1,2,2,1,17,1
"1933",1,3,9,1,31,1
"1934",2,3,9,1,41,1
"1935",2,3,9,1,34,1
"1936",1,3,9,1,72,1
"1937",1,3,1,1,49,1
"1938",2,2,19,1,53,1
"1939",2,3,19,1,25,1
"1940",1,3,19,1,48,1
"1941",3,3,9,1,57,1
"1942",1,3,9,1,19,1
"1943",2,3,9,1,21,1
"1944",1,3,9,1,37,1
"1945",2,3,9,1,60,1
"1946",1,3,3,1,18,1
"1947",1,2,9,1,21,1
"1948",2,3,9,1,22,1
"1949",1,3,1,1,40,1
"1950",1,3,2,1,33,1
"1951",3,3,9,1,11,1
"1952",1,3,9,2,19,1
"1953",1,3,9,2,58,1
"1954",2,3,9,2,14,1
"1955",1,3,9,1,37,1
"1956",1,3,2,1,18,1
"1957",3,3,9,1,67,1
"1958",3,3,9,1,46,1
"1959",2,3,9,1,7,1
"1960",2,3,9,1,21,1
"1961",2,3,9,1,2,1
"1962",2,3,9,1,32,1
"1963",1,3,9,1,42,1
"1964",2,3,9,1,20,1
"1965",2,2,9,1,11,1
"1966",1,3,9,1,43,1
"1967",1,3,9,2,31,1
"1968",1,3,9,1,48,1
"1969",2,3,9,1,17,1
"1970",1,3,5,1,43,1
"1971",1,3,1,1,27,1
"1972",1,3,9,1,22,1
"1973",2,3,9,1,36,1
"1974",1,3,9,1,78,1
"1975",1,3,9,1,77,1
"1976",2,3,9,1,70,1
"1977",1,3,9,1,21,1
"1978",1,3,9,1,30,1
"1979",2,3,8,1,28,1
"1980",2,3,9,1,24,1
"1981",2,3,8,1,26,1
"1982",1,2,3,2,18,1
"1983",1,3,9,1,34,1
"1984",1,3,5,2,22,1
"1985",2,3,9,1,19,1
"1986",1,3,9,1,18,1
"1987",1,2,9,1,20,1
"1988",3,3,9,1,30,1
"1989",1,3,4,9,34,1
"1990",1,3,9,1,20,1
"1991",1,3,9,1,22,1
"1992",3,3,19,1,89,1
"1993",3,3,19,1,90,1
"1994",3,2,9,7,19,1
"1995",2,3,9,7,26,1
"1996",2,3,9,7,23,1
"1997",2,3,9,7,48,1
"1998",1,3,9,7,42,1
"1999",1,3,19,7,55,1
"2000",1,3,9,7,55,1
"2001",1,3,8,7,59,1
"2002",2,3,9,2,42,1
"2003",2,3,9,2,20,1
"2004",2,3,9,2,18,1
"2005",1,3,9,1,78,1
"2006",1,3,9,1,59,1
"2007",1,2,5,1,34,1
"2008",1,3,5,1,38,1
"2009",3,3,21,1,60,1
"2010",3,2,11,1,67,1
"2011",3,2,9,1,79,1
"2012",3,3,9,1,38,1
"2013",1,3,9,1,75,1
"2014",2,3,9,1,75,1
"2015",3,2,9,1,20,1
"2016",1,2,5,1,25,1
"2017",1,2,20,5,32,1
"2018",1,2,1,5,44,1
"2019",1,3,9,2,29,1
"2020",1,3,9,2,46,1
"2021",1,3,9,2,29,1
"2022",3,2,4,2,80,1
"2023",2,3,4,2,41,1
"2024",1,3,9,2,28,1
"2025",3,2,19,1,58,1
"2026",1,2,1,1,36,1
"2027",1,3,9,5,19,1
"2028",1,3,9,5,44,1
"2029",2,3,9,5,32,1
"2030",2,3,9,5,19,1
"2031",1,3,3,2,24,1
"2032",1,3,3,2,22,1
"2033",1,3,3,2,31,1
"2034",1,3,9,2,57,1
"2035",1,3,9,2,24,1
"2036",1,3,9,5,23,1
"2037",3,3,9,5,26,1
"2038",1,3,11,5,44,1
"2039",1,3,9,2,30,1
"2040",3,3,9,2,10,1
"2041",1,3,21,2,37,1
"2042",1,3,9,4,34,1
"2043",1,3,9,1,32,1
"2044",3,3,9,5,68,1
"2045",1,3,9,5,74,1
"2046",2,3,9,5,81,1
"2047",1,3,9,1,64,1
"2048",1,3,8,2,42,1
"2049",2,3,8,2,56,1
"2050",2,3,8,2,53,1
"2051",1,3,9,1,25,1
"2052",2,3,9,1,24,1
"2053",2,3,9,1,21,1
"2054",1,3,9,1,52,1
"2055",2,3,9,1,66,1
"2056",1,3,9,1,21,1
"2057",2,3,9,1,21,1
"2058",2,3,9,1,21,1
"2059",1,3,9,3,32,1
"2060",2,3,9,1,24,1
"2061",2,3,9,1,25,1
"2062",1,3,9,1,29,1
"2063",3,3,9,9,53,1
"2064",1,3,9,1,36,1
"2065",1,3,9,1,39,1
"2066",1,3,9,1,25,1
"2067",3,3,9,1,5,1
"2068",1,2,9,1,34,1
"2069",2,2,9,1,34,1
